{
  "rows": 150,
  "test_size": 0.2,
  "metrics": {
    "mae": 0.6800382348992979,
    "rmse": 0.8387891523086148,
    "r2": -0.01926874931997946
  }
}